epoch,batch_idx,coord_loss,obj_loss,noobj_loss,cls_loss
0,0,-0.07312514819204807,1.7959690690040588,7267.257843017578,0.019866230431944132
