epoch,batch_idx,coord_loss,obj_loss,noobj_loss,cls_loss
0,0,-0.26425230503082275,12.351576805114746,7164.717346191406,0.20238769054412842
